"","baseMean","log2FoldChange","lfcSE","stat","pvalue","padj"
"ENSMUSG00000070570",10.0665726871916,-2.24613349905588,0.176633158073048,-12.7163751334106,4.79597504872061e-37,1.31889313839817e-34
"ENSMUSG00000078591",2.4948759106557,-2.3474315637847,0.221622368857572,-10.5920335383352,3.24465395553686e-26,4.46139918886318e-24
"ENSMUSG00000053025",2.25243419220861,-2.25448023471401,0.221221699319698,-10.1910447376862,2.17415039089935e-24,1.99297119165774e-22
"ENSMUSG00000020932",19.6623596958393,1.34782166585852,0.147593563320957,9.13198133801773,6.7256912284903e-20,4.62391271958708e-18
"ENSMUSG00000060371",1.08181251812195,-1.91912190472727,0.238303898248067,-8.05325434806577,8.06211204013544e-16,4.43416162207449e-14
"ENSMUSG00000059173",1.50145186426754,-1.6819090436452,0.214003247853398,-7.85926877519815,3.86382358740481e-15,1.7709191442272e-13
"ENSMUSG00000027347",1.39161644184792,-1.89575071821362,0.249245815916666,-7.60594801257348,2.82822969293719e-14,1.11109023651104e-12
"ENSMUSG00000025885",0.699091436388659,-1.93610846819853,0.26437933225227,-7.32322171973378,2.42087319238746e-13,8.3217515988319e-12
"ENSMUSG00000059456",1.03376550421967,-1.71313285151097,0.237341582963934,-7.21800550125804,5.27555827768375e-13,1.61197614040337e-11
"ENSMUSG00000044288",1.4343348467544,-2.01820773981609,0.2864719424189,-7.04504504969955,1.854015131491e-12,5.09854161160024e-11
"ENSMUSG00000000184",1.10911835887437,-1.43807083930065,0.214085531487286,-6.71727243457391,1.85157602331643e-11,4.62894005829108e-10
"ENSMUSG00000038530",1.2981398232939,-1.69031209932737,0.252746716955232,-6.68777074412709,2.26595738276438e-11,5.19281900216838e-10
"ENSMUSG00000053930",0.668240860302042,-1.78544527410126,0.269088873631826,-6.63515087043007,3.24170789710901e-11,6.85745901311522e-10
"ENSMUSG00000028341",0.574458652853288,-1.54527500296129,0.249960574704422,-6.18207493237115,6.32644812952559e-10,1.24269516829967e-08
"ENSMUSG00000030905",0.888665369899995,-1.49670476472059,0.261003246594911,-5.73442968333471,9.78410046520623e-09,1.79375175195448e-07
"ENSMUSG00000021508",2.31442228307287,-1.07659206129791,0.193484114610834,-5.5642400590008,2.63297282034225e-08,4.52542203496325e-07
"ENSMUSG00000021536",1.14401437071895,-0.97266265848696,0.176128805930958,-5.52245076179215,3.34303499998248e-08,5.40785073526578e-07
"ENSMUSG00000039114",0.918879108647105,-1.32867505610585,0.245730543814826,-5.40704071817417,6.40745807590855e-08,9.78917206041584e-07
"ENSMUSG00000024411",2.38082595701813,1.01296442625742,0.187927108444758,5.39019854368259,7.03798835734667e-08,1.01865620961597e-06
"ENSMUSG00000022949",0.867638660874732,1.2769777221559,0.24229638698054,5.27031268633181,1.36191547943109e-07,1.87263378421775e-06
"ENSMUSG00000058624",0.646283365777798,-1.20789467928019,0.243730947903061,-4.95585271247789,7.20137547777058e-07,9.43037264946147e-06
"ENSMUSG00000066687",1.09079698232975,-0.896853018643554,0.194526555708756,-4.61044002643175,4.01817551605511e-06,5.02271939506889e-05
"ENSMUSG00000031980",1.49752913136932,1.10031002597636,0.239905750644446,4.58642622371768,4.50897632928194e-06,5.39116735022841e-05
"ENSMUSG00000026249",5.28822586042798,-0.748875189267082,0.168308089507115,-4.44943075202233,8.60981837078157e-06,9.47080020785972e-05
"ENSMUSG00000039037",0.844921957865532,-1.09551335286602,0.246140092338513,-4.45077168232868,8.55622722712802e-06,9.47080020785972e-05
"ENSMUSG00000029361",0.514172536385153,-1.48264565088442,0.341274126822541,-4.34444200235366,1.39630126061901e-05,0.00014768571025778
"ENSMUSG00000059852",0.410231771419952,-1.25136033958844,0.293813550997157,-4.25902867768187,2.05317131003023e-05,0.000209119300095671
"ENSMUSG00000025810",0.633397893808893,-1.07645763715103,0.257183832950115,-4.18555717442717,2.84467451766847e-05,0.000279387675842439
"ENSMUSG00000020182",0.716915344304592,1.17967329493182,0.28748492249711,4.10342665864044,4.07075537467922e-05,0.000386019906219581
"ENSMUSG00000058420",0.465721753285377,-1.02274281989076,0.252075772773449,-4.05728328683906,4.96468487288406e-05,0.000455096113347706
"ENSMUSG00000001911",7.09378118827802,-0.320435025655423,0.0794191454247353,-4.03473273279043,5.46644841825434e-05,0.000484926875812885
"ENSMUSG00000026235",1.11254235808904,-0.714625378975655,0.189476609664068,-3.7715757118657,0.000162219920760623,0.0013940774440366
"ENSMUSG00000056427",0.354198782583223,-1.2263365514787,0.33294345236525,-3.68331782098952,0.000230217832062647,0.00191848193385539
"ENSMUSG00000044071",0.608041622935442,-1.00477861367377,0.281720335414942,-3.56658177406273,0.000361667987264243,0.00292525577934314
"ENSMUSG00000008575",4.48010550107359,-0.303491345887575,0.0859645344274713,-3.53042505154997,0.000414892544099357,0.00325986998935209
"ENSMUSG00000058488",1.07527806031248,0.667393581773421,0.196889334401709,3.3896888513613,0.000699719941861474,0.00534508288921959
"ENSMUSG00000026826",0.537608053719013,-0.998065404084944,0.308479991013478,-3.23542995708055,0.0012145968132497,0.00902740874712614
"ENSMUSG00000005360",3.45751232135948,-0.45190936552362,0.140111911717586,-3.2253457966836,0.00125820595939145,0.00910543786401707
"ENSMUSG00000050663",0.357688907451534,-0.978210632578562,0.318516002329134,-3.07115066566653,0.00213235521895598,0.0150358380823819
"ENSMUSG00000005672",0.488635749302418,-0.947189026090888,0.31079967182151,-3.04758695702502,0.00230686770907842,0.0158597154999141
"ENSMUSG00000026676",0.475998250795663,0.82942412009041,0.28905145625401,2.86946874732759,0.00411161962802208,0.0275779365294164
"ENSMUSG00000041540",0.494930671265159,-0.756330703663695,0.265519190543708,-2.84849732373372,0.00439262228103386,0.0287612173162931
"ENSMUSG00000045515",7.03194340134586,-0.226220923855769,0.0817765914129353,-2.76632860268599,0.00566913773013206,0.0362561133903794
"ENSMUSG00000048988",0.653855047484701,-0.801769946906015,0.293550608424492,-2.7312835466742,0.00630881673761605,0.0394301046101003
"ENSMUSG00000099696",0.727897074921632,-0.552966481451723,0.206664609821416,-2.67567089464207,0.00745798399052445,0.0449764791761523
"ENSMUSG00000038156",1.2517570538075,-0.948117339969301,0.354735408692141,-2.67274514113174,0.00752333833492002,0.0449764791761523
"ENSMUSG00000037362",0.332938179969475,-1.37306791026734,0.52168585881368,-2.63198223043598,0.00848883026023449,0.0489597720986489
"ENSMUSG00000029381",0.972701237948848,-0.710713634719782,0.270262845557107,-2.62971269045418,0.00854570567540054,0.0489597720986489
"ENSMUSG00000038668",8.15981602691388,0.323728279217829,0.125467963480536,2.58016684289331,0.00987525913123733,0.0554223726753116
"ENSMUSG00000048251",0.304483062570794,-0.853439691815718,0.341296056259391,-2.50058468641398,0.0123988485075882,0.0681936667917349
"ENSMUSG00000040536",0.432473125825245,-0.832207667142457,0.334240901544642,-2.48984389192507,0.0127799214984439,0.068911341413178
"ENSMUSG00000022382",0.370840359212973,-0.693306407461252,0.283855943294389,-2.44245866200596,0.0145876001405826,0.077145962281927
"ENSMUSG00000039706",0.50853919882727,-0.576788915174309,0.245906474524553,-2.34556213409793,0.0189984117144365,0.0985766645560383
"ENSMUSG00000006800",11.4905223944023,-0.254819977828994,0.109097009416588,-2.3357191841617,0.019505881977518,0.0993355100706934
"ENSMUSG00000036192",0.756340573786749,-0.470243775815854,0.220284117487814,-2.13471484543985,0.0327843096215938,0.155975725975898
"ENSMUSG00000026872",4.33124429531773,0.211111174367579,0.0989243497456724,2.13406683905763,0.0328373098976016,0.155975725975898
"ENSMUSG00000015484",0.362371834571221,-0.570198946500933,0.267279696886379,-2.13334178818426,0.0328966985694621,0.155975725975898
"ENSMUSG00000004633",3.87819196546937,0.285857214704155,0.133388075394838,2.14304924827799,0.0321091440607766,0.155975725975898
"ENSMUSG00000022306",0.531442301020462,-0.523868879497116,0.246729601993984,-2.12325102161794,0.03373282255659,0.157229257679021
"ENSMUSG00000043557",0.21933898351955,-0.835344738021277,0.401076592830559,-2.08275614422151,0.0372734569470308,0.170836677673891
"ENSMUSG00000032087",2.9092286444282,-0.226938059084408,0.111033956187887,-2.04386177774656,0.0409672040479904,0.184688214970448
"ENSMUSG00000034981",1.41388419225205,-0.350173203714624,0.179299571621595,-1.95300635995746,0.0508188415815256,0.225406152176121
"ENSMUSG00000001985",0.585308119164295,-0.653024763172617,0.337629685353302,-1.93414498636066,0.0530953041290774,0.231765216436449
"ENSMUSG00000034353",0.568976825470516,-0.458190472934633,0.237906211953898,-1.92592900022056,0.0541132397747728,0.232076276251913
"ENSMUSG00000063626",0.323665611899506,-0.572178789494495,0.298005476942445,-1.92002776380181,0.0548543925686341,0.232076276251913
"ENSMUSG00000047945",6.04867583462881,0.246640852055154,0.129147466369456,1.9097614454904,0.0561639354821185,0.234016397842161
"ENSMUSG00000063434",0.486396488737991,-0.457272504235768,0.240587623906961,-1.90064849059985,0.0573480695670205,0.23538386762583
"ENSMUSG00000005716",0.506166888568421,-0.519197949795343,0.276218848951642,-1.87966155012918,0.0601542189616929,0.243270738448023
"ENSMUSG00000028004",0.203462963058026,-0.870974903650207,0.466014184751653,-1.86898796678123,0.061624488538267,0.245604845623528
"ENSMUSG00000001870",0.608933436999441,-0.680442072781953,0.369236439395013,-1.84283564725314,0.0653530104066745,0.256743969454793
"ENSMUSG00000063531",0.286732666495627,-0.65334824993185,0.359549451245101,-1.81713043273836,0.0691971439012854,0.268017106659908
"ENSMUSG00000000861",0.203499829534633,-0.684176181780854,0.383728978945632,-1.78296719643316,0.0745916433519654,0.284898637802645
"ENSMUSG00000048332",0.603544462068063,-0.412747629346319,0.23314035966296,-1.77038257101005,0.0766634311835717,0.288800596924414
"ENSMUSG00000027966",0.391714487379626,-0.494963067228377,0.283769283010447,-1.74424469758468,0.0811164303217266,0.301446193763173
"ENSMUSG00000020160",1.11977859232045,0.275625324579656,0.161644441698992,1.70513332647042,0.0881695613592886,0.323288391650725
"ENSMUSG00000032440",0.415308234549513,-0.580061168998065,0.345120851672627,-1.68074796462399,0.0928118797441551,0.335832459600561
"ENSMUSG00000020902",0.362451268615867,-0.695215015005899,0.421089028160243,-1.65099294570397,0.0987400153396639,0.352642911927371
"ENSMUSG00000041272",0.287288143283014,-0.514405863126014,0.326373179789362,-1.5761278652186,0.114996338403869,0.401910353039945
"ENSMUSG00000039385",0.592259417544374,-0.384597670428715,0.244324282681837,-1.57412790168525,0.11545788323693,0.401910353039945
"ENSMUSG00000069171",0.746899647162933,-0.322266837608728,0.20780390911154,-1.550821825184,0.12094438876801,0.415746336390035
"ENSMUSG00000044167",1.28777578493935,-0.246371303330933,0.160903270344069,-1.53117648139843,0.125725781689202,0.426846789685564
"ENSMUSG00000038296",0.230494939407886,-0.510701685490438,0.337599747550897,-1.51274309058375,0.130344929478494,0.431865730199831
"ENSMUSG00000050063",0.380462416587936,0.86318431827318,0.570558413640599,1.51287632893783,0.130311075663379,0.431865730199831
"ENSMUSG00000032348",0.73909012523646,-0.295483125352312,0.200559207237584,-1.47329623716691,0.140671174881788,0.460530632053473
"ENSMUSG00000027253",2.435311456049,-0.182590411157985,0.125628691119605,-1.45341330496033,0.146109034553818,0.472705700027059
"ENSMUSG00000027004",0.217715879144237,-0.514648021222906,0.356832752041538,-1.44226677141732,0.14922713034102,0.477179777253261
"ENSMUSG00000028173",0.339566845986764,0.376704356545508,0.264078378093044,1.42648693643817,0.153727835094529,0.485921317827535
"ENSMUSG00000028364",0.407678898135487,0.404391224421305,0.288102704159411,1.40363564306411,0.160427375633846,0.50133554885577
"ENSMUSG00000074736",0.287982406311056,-0.439307008519052,0.322267163185803,-1.36317645327635,0.172826906341148,0.534015721840624
"ENSMUSG00000003657",0.229434575241034,0.581884429678362,0.431588040735699,1.34824039305274,0.177581076733248,0.542608845573813
"ENSMUSG00000001988",0.224279086647764,-0.583821928003488,0.443462643885836,-1.31650757071161,0.188003739077835,0.568143167542909
"ENSMUSG00000037771",0.566057106854412,-0.388433689197887,0.298087293265961,-1.30308704185964,0.19254504702236,0.575542260121186
"ENSMUSG00000030226",0.221714213383096,-0.508787488910001,0.395030704350373,-1.28796947504802,0.197756589149504,0.577628051728827
"ENSMUSG00000044447",5.20123520000291,0.161747134898003,0.126084103435024,1.28285113262798,0.199544236051777,0.577628051728827
"ENSMUSG00000024084",1.21721596847729,-0.230578492458551,0.178572869771674,-1.29122913661729,0.196624234604561,0.577628051728827
"ENSMUSG00000022935",0.824113271274029,-0.303052773210745,0.240844311648757,-1.25829325648642,0.208285719068437,0.596651799414792
"ENSMUSG00000038370",1.44361843610793,-0.213277455194312,0.175445424610293,-1.21563418178646,0.22412430696677,0.635403963050122
"ENSMUSG00000015568",0.178518295820374,-0.468350327497925,0.401156631008728,-1.16749990227068,0.243008547759105,0.681911741160755
"ENSMUSG00000047712",0.4673798657254,-0.330148625176586,0.286427402741917,-1.15264329465733,0.249056825095896,0.690677358390209
"ENSMUSG00000075334",0.485310572913347,-0.361765522060166,0.3152510149872,-1.14754752518356,0.251155403050985,0.690677358390209
"ENSMUSG00000026787",1.3857180458261,-0.334013384005375,0.296784326547707,-1.12544145403744,0.2604020131228,0.709015382265049
"ENSMUSG00000033006",20.36041688182,-0.0767709873366415,0.0686100574988734,-1.11894655295839,0.263162941059263,0.709507929326443
"ENSMUSG00000026778",2.09519180306202,0.130191021069249,0.127126004310276,1.02411006918373,0.305783288962877,0.731839976676641
"ENSMUSG00000033278",1.32460087168088,-0.181229714601977,0.170978217010792,-1.05995791610424,0.289163745371456,0.731839976676641
"ENSMUSG00000034098",0.185930222363278,-0.483389273514459,0.464101570177557,-1.0415592287902,0.297616079631984,0.731839976676641
"ENSMUSG00000043969",0.267905685878525,-0.294044756226061,0.289789829823861,-1.0146828009968,0.310257055176564,0.731839976676641
"ENSMUSG00000030495",0.382202566550622,-0.341360330207713,0.334291716408395,-1.02114504623466,0.3071857237723,0.731839976676641
"ENSMUSG00000045672",0.196727877762099,0.469833835372249,0.452047383059577,1.03934643353599,0.298643646922181,0.731839976676641
"ENSMUSG00000030092",0.455564915163096,-0.473891402094002,0.443949171261972,-1.06744517789484,0.285770856908632,0.731839976676641
"ENSMUSG00000041378",0.453678870259881,-0.568795228124567,0.537294901077841,-1.05862763071739,0.289769398145202,0.731839976676641
"ENSMUSG00000046178",1.17454597255792,-0.425835097972119,0.41187327707962,-1.03389834123616,0.3011836905654,0.731839976676641
"ENSMUSG00000036430",0.772877848597427,-0.190643502552319,0.185473636983084,-1.02787385664792,0.30400916868997,0.731839976676641
"ENSMUSG00000041741",0.325224856620278,-0.312564476633825,0.29149006521022,-1.07229890119379,0.283585800160811,0.731839976676641
"ENSMUSG00000027168",0.324626880960953,0.277286432635092,0.263010985440978,1.05427699976174,0.291756115832454,0.731839976676641
"ENSMUSG00000090125",0.543926078014103,-0.267703630339048,0.247873606682585,-1.08000054512402,0.280141937430069,0.731839976676641
"ENSMUSG00000019828",0.165513222163849,-0.483861482240935,0.477952675429253,-1.01236274450473,0.311364644622426,0.731839976676641
"ENSMUSG00000056296",0.945850236254298,-0.313932172556365,0.293469590948885,-1.06972641199832,0.28474247413304,0.731839976676641
"ENSMUSG00000020734",0.399427708843423,-0.284144669471142,0.294856952967171,-0.96366955776952,0.335211621370441,0.778347300861185
"ENSMUSG00000054162",4.96416837780525,0.136890507634028,0.14278781475378,0.958698806828011,0.33771049973344,0.778347300861185
"ENSMUSG00000045991",0.240406918641253,-0.375074442413994,0.392800777275521,-0.954871945558568,0.339642458557608,0.778347300861185
"ENSMUSG00000027270",0.180976944027928,-0.621975629537722,0.660311642619756,-0.941942545598715,0.346222056103983,0.786868309327235
"ENSMUSG00000049630",0.487131000463983,-0.238444563204696,0.259676535972436,-0.918236845357512,0.358494882748436,0.808082727506721
"ENSMUSG00000050953",5.20380103710885,-0.149727510004732,0.175459622179222,-0.853344536737882,0.393468268963892,0.84408263982919
"ENSMUSG00000021614",1.53436919444406,-0.436447002714018,0.499257885858011,-0.874191505185646,0.382013971408042,0.84408263982919
"ENSMUSG00000038642",1.57673220782419,0.255221414571105,0.29782909497188,0.856939160343626,0.391478509023629,0.84408263982919
"ENSMUSG00000003746",0.740850090121817,-0.269073551705403,0.319045229069935,-0.843371181226539,0.39902088428289,0.84408263982919
"ENSMUSG00000059991",0.174423855166562,-0.451115729226757,0.533055111102704,-0.84628347019046,0.397394626887109,0.84408263982919
"ENSMUSG00000046321",0.169484341961339,-0.372501283829897,0.437669256489419,-0.851102238292358,0.394712562179547,0.84408263982919
"ENSMUSG00000021848",0.173131687420878,0.348209826312655,0.404793020705208,0.860216971394477,0.389669451111648,0.84408263982919
"ENSMUSG00000112117",0.156572349946981,0.393749980580198,0.46473657312619,0.847254129218883,0.396853488422693,0.84408263982919
"ENSMUSG00000051910",0.557387176907642,-0.206677357662005,0.252688619057645,-0.817913202552492,0.413406751007329,0.844939765489736
"ENSMUSG00000055639",0.138367620400585,-0.422644826939289,0.513942943134142,-0.822357486537131,0.410873467832771,0.844939765489736
"ENSMUSG00000045532",1.65449158716188,-0.379694064638802,0.465599088066538,-0.815495722329552,0.414788612149507,0.844939765489736
"ENSMUSG00000016494",0.353211590250985,-0.303402571596905,0.371646885375633,-0.816373239049879,0.41428669748817,0.844939765489736
"ENSMUSG00000036466",0.207644886643692,-0.455885893012401,0.55554106310326,-0.820616014351514,0.411865022898143,0.844939765489736
"ENSMUSG00000027737",0.558620086681195,0.209013209806846,0.260509868527788,0.802323577943653,0.422365807035755,0.854048506873769
"ENSMUSG00000069372",0.198307206391572,0.294350657127946,0.37066527765803,0.794114460862744,0.427128799800764,0.857375328067228
"ENSMUSG00000036545",0.658545279711336,-0.179917153079828,0.229258097055314,-0.78477992878227,0.432582610052741,0.862030563510898
"ENSMUSG00000055435",0.247431438533221,-0.291740651892603,0.382680925724764,-0.762360055809082,0.445845139467736,0.882067721968542
"ENSMUSG00000063564",0.280516045853756,-0.239592023416222,0.319252223583575,-0.750478792995787,0.45296639154716,0.889755411967636
"ENSMUSG00000110027",1.23023901962758,0.146702737105991,0.202155741118209,0.725691668683343,0.468027810332363,0.900241717110186
"ENSMUSG00000032232",0.510785139827722,-0.230340163399933,0.315769655132291,-0.729456297196868,0.465722591506807,0.900241717110186
"ENSMUSG00000035580",0.311477115440382,-0.359166151432309,0.498700463393483,-0.720204166220958,0.471399299141334,0.900241717110186
"ENSMUSG00000005268",0.390074263012208,0.203541528118947,0.280780226409869,0.72491403943035,0.468504767357315,0.900241717110186
"ENSMUSG00000017493",0.425945441238426,-0.201824731017439,0.289103374255997,-0.698105760739843,0.485111055692304,0.920038209071611
"ENSMUSG00000048583",0.58236234201901,0.24082256251821,0.348535906919163,0.690954813370391,0.489593938089618,0.922166540010842
"ENSMUSG00000034997",0.160988363374555,-0.381761483178222,0.556795534127437,-0.685640346912061,0.492939932296704,0.922166540010842
"ENSMUSG00000035451",0.590594285213656,-0.155576549031787,0.229684479002242,-0.677348986346912,0.49818455707243,0.925680764830529
"ENSMUSG00000070366",0.168627272304754,-0.358613377122937,0.538733488316928,-0.665660080354929,0.505628394792695,0.933206768912691
"ENSMUSG00000049555",0.167723913365819,0.299368925098705,0.459490562962423,0.651523555061973,0.514708576782901,0.933385529461686
"ENSMUSG00000023886",0.129754850093075,-0.370050398469456,0.568508869658891,-0.650914028292097,0.515101985297809,0.933385529461686
"ENSMUSG00000035105",0.207391641969966,-0.21662738554867,0.333443959885629,-0.649666545535786,0.515907638102459,0.933385529461686
"ENSMUSG00000025255",0.217389605418816,0.221193753760305,0.353243152541602,0.626179876860471,0.531196964662678,0.936404905655362
"ENSMUSG00000037653",0.193025350443167,-0.264141833465709,0.413886262445016,-0.638199083741754,0.523344093579768,0.936404905655362
"ENSMUSG00000000805",0.141710056157526,-0.406038771323507,0.641406920745356,-0.633043951025138,0.526704942151145,0.936404905655362
"ENSMUSG00000033740",1.7444485790377,-0.0898233817429738,0.14256301424354,-0.630060904783682,0.528654737069452,0.936404905655362
"ENSMUSG00000039323",0.47641587020257,-0.158507689634786,0.273480832299358,-0.579593415385252,0.562188834476185,0.978761377859326
"ENSMUSG00000013846",0.259472729743025,-0.197234893084583,0.340432863226051,-0.579365021389304,0.562342900733722,0.978761377859326
"ENSMUSG00000049001",0.157033865855813,0.346322733359942,0.629932120911108,0.549777859968523,0.582471746000952,0.98876376635964
"ENSMUSG00000024798",0.125585778350063,-0.288048944116091,0.520635762857151,-0.553263845217496,0.580082754322181,0.98876376635964
"ENSMUSG00000002688",0.42559578111966,-0.141687865378888,0.255150988795874,-0.55530988160207,0.578682721033894,0.98876376635964
"ENSMUSG00000046159",0.141201777923488,-0.292546390623495,0.525928841502673,-0.556247095686248,0.578041947885068,0.98876376635964
"ENSMUSG00000047907",0.16327837684826,-0.252791062455525,0.464600314299609,-0.544104372457455,0.586369651763897,0.989273952362402
"ENSMUSG00000027849",0.326987499204809,-0.112276505172704,0.409810821551355,-0.273971548012513,0.784106486775212,0.991208283972509
"ENSMUSG00000028222",0.289958531361153,0.0422268301413227,0.388015599215755,0.108827661121538,0.913339183713313,0.991208283972509
"ENSMUSG00000046314",2.56621665092351,-0.0510803510899047,0.118156453690061,-0.432311139126557,0.665515292316912,0.991208283972509
"ENSMUSG00000024985",1.82068843537714,-0.0322269308263247,0.204147222113708,-0.157861226288814,0.874566151830868,0.991208283972509
"ENSMUSG00000024990",0.230027922627617,-0.114035965315279,0.356422421197426,-0.31994610477132,0.74900918677942,0.991208283972509
"ENSMUSG00000048540",0.231545333431742,0.0352476594753875,0.32422543508115,0.108713431031607,0.913429788575487,0.991208283972509
"ENSMUSG00000003974",10.5354210413187,0.0537612139766179,0.115210691676933,0.466633896508251,0.640761831221143,0.991208283972509
"ENSMUSG00000052430",0.145393295665595,0.09032893375095,0.473407628097272,0.190805826500941,0.848677723666785,0.991208283972509
"ENSMUSG00000053441",0.134680689115104,0.0616551630391677,0.489661184536598,0.125913927806053,0.899800057629973,0.991208283972509
"ENSMUSG00000050840",3.46253254675334,0.0360312232457531,0.126325660573093,0.285224894786164,0.775471848881674,0.991208283972509
"ENSMUSG00000066189",0.237999908759504,-0.0732883118025637,0.365958666110152,-0.200263905707057,0.841274189773737,0.991208283972509
"ENSMUSG00000074637",4.36924149734524,-0.0406175926293552,0.0977527454436202,-0.41551357401805,0.67776598036174,0.991208283972509
"ENSMUSG00000016386",0.188404994804806,0.128829825230591,0.402695548140162,0.319918672619024,0.74902998247553,0.991208283972509
"ENSMUSG00000059325",1.89383576310664,0.0305138177118025,0.147598734928923,0.206734954242641,0.836216857516572,0.991208283972509
"ENSMUSG00000062151",0.801770126896655,0.0799960485423852,0.236745993845235,0.337898214212994,0.735439893347198,0.991208283972509
"ENSMUSG00000021219",0.123136589812003,0.202627436328345,0.587645497474525,0.344812369360711,0.730235433344318,0.991208283972509
"ENSMUSG00000102692",0.161268342269822,-0.0558493300089276,0.43185373773717,-0.129324641953008,0.897100773701297,0.991208283972509
"ENSMUSG00000024420",0.554634851415176,0.0389442297661972,0.235577516255457,0.165313865199117,0.868696946116967,0.991208283972509
"ENSMUSG00000074575",0.126145564067024,-0.136664776266385,0.540304601670352,-0.252940241197069,0.800314392338789,0.991208283972509
"ENSMUSG00000047139",0.171847971321029,-0.0899292616985893,0.458517889436571,-0.196130322873759,0.844508162929023,0.991208283972509
"ENSMUSG00000048562",0.237367906785224,0.0980465414919717,0.337979641371485,0.290095998368746,0.771742797075027,0.991208283972509
"ENSMUSG00000019929",0.177763327175365,0.210451123086132,0.598494189275544,0.351634363135381,0.725112490960081,0.991208283972509
"ENSMUSG00000001435",0.0980894595745127,-0.201862531065246,0.650236087785832,-0.310444982764066,0.756222591356871,0.991208283972509
"ENSMUSG00000016087",1.38800258040822,-0.0435988089663315,0.162514851073665,-0.268275844812293,0.788486997982973,0.991208283972509
"ENSMUSG00000018470",0.16593845865578,0.0719843441460491,0.48095577278863,0.149669363003331,0.881025480646028,0.991208283972509
"ENSMUSG00000050121",9.49501647507177,0.0556074536261926,0.150341313732607,0.369874735331198,0.711475826845293,0.991208283972509
"ENSMUSG00000043668",0.33896882959581,0.0406041897068782,0.365512143828022,0.111088483358252,0.911546181163338,0.991208283972509
"ENSMUSG00000035783",0.136115805583719,-0.113197039698265,0.675930592255741,-0.167468436841273,0.86700148053698,0.991208283972509
"ENSMUSG00000066705",1.45316811099732,-0.0681589761613614,0.193881208577042,-0.351550192314164,0.725175624262477,0.991208283972509
"ENSMUSG00000023169",1.18802070105989,0.0403045684036124,0.186959800943827,0.215578793944705,0.829316087107828,0.991208283972509
"ENSMUSG00000067578",0.155779470481535,0.105946569324489,0.537409144961075,0.197143220054737,0.843715462329711,0.991208283972509
"ENSMUSG00000076439",23.9771765318399,0.0380213897125742,0.146278103804453,0.259925366296803,0.794921344111203,0.991208283972509
"ENSMUSG00000046593",0.108070578242087,-0.209712662919267,0.619001836036194,-0.338791665404696,0.73476668041249,0.991208283972509
"ENSMUSG00000039137",0.398556945985819,-0.130043500750203,0.313428324237407,-0.414906665077599,0.678210230455035,0.991208283972509
"ENSMUSG00000021835",0.295979841599155,0.0800073539199393,0.746476759059588,0.107179966353852,0.914646208402216,0.991208283972509
"ENSMUSG00000076617",0.142272923935206,0.197339018226626,0.501286010634557,0.393665520361965,0.69382800075292,0.991208283972509
"ENSMUSG00000029822",0.155624032417971,-0.0818862009377692,0.506258475250909,-0.161747812512541,0.871504451312062,0.991208283972509
"ENSMUSG00000032034",0.106320359842596,-0.0948524530253143,0.660019255422938,-0.143711645146676,0.885728175163565,0.991208283972509
"ENSMUSG00000022148",0.161227851884412,0.212956743700667,0.47372613648756,0.449535559257156,0.653045362382153,0.991208283972509
"ENSMUSG00000043456",4.82740832413292,0.0465184542811698,0.114481884843294,0.406338997168378,0.684493535497995,0.991208283972509
"ENSMUSG00000024526",0.119155143716314,-0.186244795348462,0.602531675926503,-0.30910374141256,0.757242613227384,0.991208283972509
"ENSMUSG00000027230",0.108398645453379,-0.0896465109691224,0.616761630482228,-0.145350337210553,0.884434273323147,0.991208283972509
"ENSMUSG00000032006",0.128099396048482,0.226095321807099,0.564326320144308,0.400646423419135,0.688680461475299,0.991208283972509
"ENSMUSG00000003411",0.951254868183089,-0.0293510935297165,0.256575471912362,-0.114395555081516,0.908924237397446,0.991208283972509
"ENSMUSG00000004655",0.112644655984446,0.254851583898047,0.6436621744971,0.395939972854806,0.692149311601239,0.991208283972509
"ENSMUSG00000021647",0.118092016867171,0.0642993358799757,0.57752763366167,0.111335513891001,0.911350294443158,0.991208283972509
"ENSMUSG00000022309",0.267857364971433,-0.0725989026595475,0.268769087626455,-0.270116267092621,0.787070807789539,0.991208283972509
"ENSMUSG00000023959",0.156582547727555,-0.118407309413288,0.558910068404229,-0.211853956668482,0.832220972442364,0.991208283972509
"ENSMUSG00000024076",0.22603587955234,-0.17742395802518,0.374155431703238,-0.474198536200604,0.635358337119267,0.991208283972509
"ENSMUSG00000024598",0.500326545604541,-0.138524349958679,0.260033098749963,-0.532718144823088,0.594228703795287,0.991208283972509
"ENSMUSG00000026355",0.39258965776208,0.152028327807736,0.336522435940774,0.451762829371924,0.651439850225727,0.991208283972509
"ENSMUSG00000027360",0.124762473843329,0.171309467763524,0.550858662830575,0.31098624624192,0.755811077489081,0.991208283972509
"ENSMUSG00000029135",0.224839057521014,-0.122192167280767,0.392286568907084,-0.311487002017928,0.755430422650509,0.991208283972509
"ENSMUSG00000030551",0.863936214712474,-0.0253629260080729,0.179570617127358,-0.141242071859032,0.887678710660072,0.991208283972509
"ENSMUSG00000031613",0.187105362420806,0.0875657084536847,0.432700088154572,0.202370442832921,0.839627133539022,0.991208283972509
"ENSMUSG00000032265",0.618666494529348,0.0673112067554151,0.245569214825299,0.274102789322763,0.784005630331795,0.991208283972509
"ENSMUSG00000036111",0.136221519120671,-0.0949349238857374,0.489233060145209,-0.194048464054248,0.846137934225035,0.991208283972509
"ENSMUSG00000050511",0.179537311301556,0.160708497182773,0.453879006597561,0.354077837588262,0.723280550623571,0.991208283972509
"ENSMUSG00000050830",0.226263472878856,-0.0644680935423119,0.349481277187185,-0.184467946498268,0.853646370619318,0.991208283972509
"ENSMUSG00000049796",0.106975670141711,-0.0974967175852648,0.666700233345778,-0.146237713306302,0.883733734653257,0.991208283972509
"ENSMUSG00000032511",0.0972532748618758,-0.0870022831941313,0.647494129233869,-0.134367678819072,0.893111838396031,0.991208283972509
"ENSMUSG00000022231",2.06896160055548,0.0792159048003461,0.277405463376032,0.28556000244655,0.775215141697875,0.991208283972509
"ENSMUSG00000021919",0.098109933005957,-0.149638334545237,0.678287095620437,-0.220612091121034,0.825394485661636,0.991208283972509
"ENSMUSG00000035357",0.411081506346227,0.170624507075523,0.337275700167022,0.505890305738091,0.612933658139025,0.991208283972509
"ENSMUSG00000018339",0.10089422531854,0.307075723531609,0.693881089634082,0.442548050550773,0.65809266747734,0.991208283972509
"ENSMUSG00000068859",0.212382712976178,-0.155757868890361,0.395602665219629,-0.393723001850577,0.693785557242703,0.991208283972509
"ENSMUSG00000060487",0.266720239178201,-0.158194598379889,0.311226679984143,-0.508293821043712,0.611247302684369,0.991208283972509
"ENSMUSG00000030249",0.120015939384898,-0.355919561310358,0.771123703608941,-0.46155961701685,0.644397159612759,0.991208283972509
"ENSMUSG00000028487",0.288828922535949,-0.101761422405761,0.287787058970017,-0.353599716297051,0.723638887000852,0.991208283972509
"ENSMUSG00000019966",0.17300109342272,-0.184040464613653,0.525102951451681,-0.350484536612985,0.725975093121809,0.991208283972509
"ENSMUSG00000021318",0.234271227603407,0.0827879304639371,0.360389214398325,0.229718113518332,0.818310818725794,0.991208283972509
"ENSMUSG00000050447",0.947528072539218,0.0486882303754876,0.194807403992305,0.249930081596954,0.802641419541147,0.991208283972509
"ENSMUSG00000075270",0.110045281449889,-0.147076650114148,0.632054108871275,-0.232696296171221,0.815997245505009,0.991208283972509
"ENSMUSG00000075324",0.719345433650537,0.0710011340913617,0.197469224781114,0.359555440449332,0.719179611218887,0.991208283972509
"ENSMUSG00000052942",0.0974416245607279,-0.149638334959729,0.678707631630342,-0.220475397632231,0.825500930828382,0.991208283972509
"ENSMUSG00000090061",0.0936559238187149,-0.073946281765856,0.697056611324187,-0.10608361008926,0.915516015014608,0.991208283972509
"ENSMUSG00000022372",0.179329054111564,-0.304420232973509,0.607480166340779,-0.501119624706789,0.616286936166359,0.991208283972509
"ENSMUSG00000031654",0.0954586421505925,0.168747568209227,0.736244744534422,0.229200370477263,0.818713184646207,0.991208283972509
"ENSMUSG00000021239",0.188122323493525,0.0823743115145468,0.393918041984414,0.209115355822687,0.834358187492798,0.991208283972509
"ENSMUSG00000028864",0.112632777581128,-0.102702520331753,0.564205447643833,-0.182030359261235,0.85555890066141,0.991208283972509
"ENSMUSG00000030247",0.141157906508147,-0.147159219356423,0.571413458193109,-0.257535445212932,0.796765456478454,0.991208283972509
"ENSMUSG00000021680",0.14661806037542,-0.0610553153285064,0.547883272471936,-0.111438546121398,0.911268595017868,0.991208283972509
"ENSMUSG00000069170",0.352046360416718,0.0279288128644166,0.242430286351853,0.115203480904535,0.908283839686334,0.991208283972509
"ENSMUSG00000056492",0.181094873032207,-0.218346593196744,0.562392136643211,-0.388246170190083,0.697833868760318,0.991208283972509
"ENSMUSG00000026514",0.0944927079553419,-0.180956361905731,0.697275949549234,-0.259519006818912,0.795234818924105,0.991208283972509
"ENSMUSG00000046500",0.0931640146625639,-0.225330563262089,0.83912825232512,-0.268529348925776,0.788291886965385,0.991208283972509
"ENSMUSG00000026452",0.146145215294573,0.132058444580005,0.731456226724474,0.180541828417231,0.856727219536862,0.991208283972509
"ENSMUSG00000000247",0.173008776120152,0.0667784884340531,0.427462511196467,0.1562206899668,0.875859068720688,0.991208283972509
"ENSMUSG00000029086",0.396367094560466,-0.083622895776476,0.512137418334722,-0.163282144172137,0.870296292113073,0.991208283972509
"Blank-42",0.377079622672218,0.0860811612147043,0.26449736125471,0.325451871452919,0.744839102577634,0.991208283972509
"Blank-50",0.146989633601876,0.197338985448484,0.530873771856838,0.371724873048919,0.710097703946072,0.991208283972509
"ENSMUSG00000030022",0.275965358503508,-0.0411133202083824,0.405510169666116,-0.101386656325374,0.919243528600171,0.991341060255086
"ENSMUSG00000033063",0.117734227165473,-0.0218046513797323,0.674671694045365,-0.0323189064728513,0.974217731894909,0.993883027941922
"ENSMUSG00000042793",0.100930160459496,-0.00610434187321046,0.677346858571118,-0.00901213580009471,0.992809453319723,0.993883027941922
"ENSMUSG00000026344",0.151946216016633,0.0198427360929015,0.474543502196761,0.0418143668621429,0.966646681930384,0.993883027941922
"ENSMUSG00000024683",0.590357373312913,-0.0112874972434962,0.214310217608304,-0.0526689645013867,0.957995667429939,0.993883027941922
"ENSMUSG00000026343",0.132249940966259,-0.0322989145457601,0.520274923184671,-0.0620804753534039,0.950498745414097,0.993883027941922
"ENSMUSG00000026841",0.0946294384355275,-0.0061044981015511,0.796249684889456,-0.00766656265917216,0.993883027941922,0.993883027941922
"ENSMUSG00000047507",0.133562811388138,0.0120749609014078,0.706845103021891,0.017082895318628,0.98637048448095,0.993883027941922
"ENSMUSG00000071234",0.103799505187643,0.0121576326517502,0.660622437011867,0.0184032996316954,0.98531712016386,0.993883027941922
"ENSMUSG00000056648",0.130098576277396,0.0251312471451031,0.489162588457234,0.0513760613303735,0.959025859866991,0.993883027941922
"ENSMUSG00000064254",0.209126700041088,-0.0171375667359885,0.336598973867913,-0.0509139007141285,0.95939412870842,0.993883027941922
"ENSMUSG00000066113",1.07180178935036,0.00531758468657467,0.174220349002628,0.0305221790509355,0.975650605295091,0.993883027941922
"ENSMUSG00000025089",1.05834655471418,-0.00823091868792951,0.207703780565422,-0.0396281601881434,0.968389576483832,0.993883027941922
"ENSMUSG00000091002",0.0952551133003113,0.0200077860879862,0.663291128373255,0.0301644108176993,0.975935931660765,0.993883027941922
"ENSMUSG00000042453",0.189080931105206,0.0379001601496234,0.492269193146278,0.0769907210877634,0.938630926557374,0.993883027941922
"ENSMUSG00000029334",0.104822050972274,-0.0270105193591855,0.647266905701083,-0.0417301102856932,0.966713850324554,0.993883027941922
"ENSMUSG00000005220",0.0972072472080891,-0.0113103612958568,0.770646112955839,-0.0146764657677641,0.988290294934031,0.993883027941922
"ENSMUSG00000028717",0.114425357112227,0.0225693922193631,0.691753861397255,0.032626333554215,0.973972569866293,0.993883027941922
"ENSMUSG00000032417",0.178551636962884,-0.0168760539128221,0.424623638853935,-0.0397435572790315,0.968297575404585,0.993883027941922
"ENSMUSG00000027971",0.0938956264433476,0.0200076965377062,0.732384524527177,0.02731856813963,0.978205647161244,0.993883027941922
"ENSMUSG00000045875",0.125117176545323,0.00686924192168172,0.541515979936423,0.012685206302662,0.989878941178685,0.993883027941922
"ENSMUSG00000026837",0.0826766044672835,0.0409138968581947,0.738241616323073,0.0554207402475801,0.955803272900589,NA
"ENSMUSG00000048387",0.0499234305432742,-0.0399021714266844,1.15307276099009,-0.0346050767797361,0.972394653241273,NA
"ENSMUSG00000021685",0.0369895445307168,-0.0242027578084702,1.49725307221054,-0.0161647741839242,0.987102937919119,NA
"ENSMUSG00000028753",0.0678402269346774,0.0696699718871195,0.909295474808035,0.0766197279292826,0.938926064468395,NA
"ENSMUSG00000060735",0.0450066806634326,0.0801636795018165,1.21658731035272,0.0658922535354858,0.947463607964268,NA
"ENSMUSG00000052560",0.0627128168629,0.0827260057011908,0.916984643969205,0.0902152574148984,0.928116160103103,NA
"ENSMUSG00000023046",0.0298553714913211,0.0462820455814748,1.84399232111157,0.0250988277183148,0.979976135234157,NA
"ENSMUSG00000042258",0.0867731685120558,-0.0530401418696499,0.753944635332147,-0.0703501814112429,0.943914942421972,NA
"ENSMUSG00000028763",0.0527344356544722,-0.0085845035235239,1.28673178368666,-0.00667155628885463,0.994676907728799,NA
"ENSMUSG00000028023",0.0801121634377134,-0.0582460465114798,0.758335342565236,-0.0768077699167359,0.938776469501434,NA
"ENSMUSG00000000440",0.0407352585340486,-0.0503144017198747,1.34271700367578,-0.0374720820412161,0.970108599811291,NA
"ENSMUSG00000036760",0.053049111889942,0.0540515619053777,1.23450942429654,0.0437838390226772,0.965076709321778,NA
"ENSMUSG00000020053",0.0862936338954041,-0.128732382715046,0.894496233602288,-0.143916070162329,0.885566745638609,NA
"ENSMUSG00000034687",0.072466027682653,0.0748758800769959,0.904346566922116,0.0827955595959534,0.934014099935492,NA
"ENSMUSG00000040998",0.0440827284729538,0.030583497430385,1.32421731275216,0.0230955275511558,0.981574073233205,NA
"ENSMUSG00000084890",0.0559589424921867,0.12189384751217,1.05691455155612,0.115329898081829,0.908183641227198,NA
"ENSMUSG00000050541",0.0754445597961391,-0.000816071461551952,0.849484243161519,-0.000960666978959827,0.999233498767313,NA
"ENSMUSG00000018819",0.055255010131063,0.00967778133307602,1.13631387130754,0.00851682055235313,0.993204642525853,NA
"ENSMUSG00000024647",0.0610936910832131,0.0644637189225323,1.08310476897652,0.0595175284690581,0.952539904525796,NA
"ENSMUSG00000025905",0.0324970846431791,0.0201708293008356,1.61829207763628,0.0124642699421094,0.990055208952695,NA
"ENSMUSG00000046480",0.0459007093446083,0.0175277452450815,1.21264324022902,0.0144541648059418,0.988467646625518,NA
"ENSMUSG00000020000",0.085085511825606,0.127017430830414,0.925799469522205,0.137197562768065,0.890874637323961,NA
"ENSMUSG00000009734",0.0823376278464214,-0.0843581284168392,0.738546433356611,-0.114221834412551,0.909061943822679,NA
"ENSMUSG00000021732",0.0927526721368556,-0.225330459096201,0.734790856624705,-0.306659312734601,0.759102702217458,NA
"ENSMUSG00000032796",0.0871460102277062,0.0774378053197143,0.736021213660086,0.105211376903978,0.91620808336435,NA
"ENSMUSG00000047161",0.0619536799985975,-0.0112279826319648,0.918321334600542,-0.0122266381155664,0.990244797269652,NA
"ENSMUSG00000010476",0.0384818052365784,0.0566952912904408,1.41828645826709,0.0399744994813763,0.96811345650414,NA
"ENSMUSG00000038805",0.0657462376113306,0.239315858793423,0.970504144157105,0.246589218844883,0.805226149057469,NA
"ENSMUSG00000038700",0.0889985061599208,0.0148017940995462,0.734942623221556,0.0201400675806009,0.983931637312353,NA
"ENSMUSG00000068696",0.0242550352889554,-0.00329931127547232,2.23068682762504,-0.00147905624160833,0.998819884290533,NA
"ENSMUSG00000036198",0.0881551425274668,-0.0791522254302605,0.73520353964128,-0.107660288834954,0.91426517127776,NA
"ENSMUSG00000040856",0.04362541207152,-0.0320524323190384,1.32670970799603,-0.0241593410569469,0.980725509792091,NA
"ENSMUSG00000025370",0.0368567134542941,0.195022845045046,1.49838929829669,0.13015499060674,0.896443803877936,NA
"ENSMUSG00000052504",0.0558539003252732,-0.0790701781672757,1.09565333182578,-0.0721671498369965,0.942468887617274,NA
"ENSMUSG00000034009",0.0451575203814275,-0.0137902344978703,1.21591334622153,-0.0113414615776063,0.990951016903937,NA
"ENSMUSG00000002944",0.0557517541343413,-0.0216401950917975,1.1351924499103,-0.0190630188683051,0.984790832733504,NA
"ENSMUSG00000014030",0.0421408767764811,0.0436395012519339,1.33431305331387,0.0327055941958686,0.973909362756106,NA
"ENSMUSG00000045613",0.0783829104699033,0.0983436823177192,0.927650660721122,0.106013703737644,0.915571479449392,NA
"ENSMUSG00000021032",0.0490752506770728,-0.0894821823141561,1.20028200712411,-0.07455096534235,0.940571989478219,NA
"ENSMUSG00000029659",0.0391543727227075,0.0880130496196188,1.4803505946948,0.0594541927669266,0.952590349773703,NA
"ENSMUSG00000025400",0.0627916807426009,0.0644639456959271,0.975316214401752,0.0660954311473931,0.947301848315485,NA
"ENSMUSG00000012443",0.0566218285799066,-0.00337808983807674,1.0551994085222,-0.00320137578811548,0.997445676048464,NA
"ENSMUSG00000019890",0.0507272197922621,-0.0216402286926147,1.15098699675772,-0.0188014536685247,0.984999494168892,NA
"ENSMUSG00000045648",0.0388933817069959,-0.0372585578036025,1.41531095707977,-0.0263253510595853,0.978997834694337,NA
"ENSMUSG00000028369",0.0674639270162927,0.270633777926668,0.999689693989508,0.270717783281967,0.786608098302369,NA
"ENSMUSG00000018589",0.081366992196,-0.14699429876323,0.870255881972591,-0.168909284968049,0.865867995790381,NA
"ENSMUSG00000041046",0.0873355808892568,-0.0791522501790576,0.755485044108314,-0.10477010868227,0.916558229295716,NA
"ENSMUSG00000021478",0.0350700826265263,-0.118157066331589,1.67629024780761,-0.0704872360178221,0.943805859463037,NA
"ENSMUSG00000001504",0.0366096160643846,-0.00594065257040146,1.43250249170536,-0.0041470451917534,0.99669114615282,NA
"ENSMUSG00000061013",0.0792564728956176,-0.0399841851137032,0.823876658815344,-0.0485317610177191,0.961292452624551,NA
"ENSMUSG00000019848",0.0591954950718985,0.00182794952711262,0.982629935434718,0.0018602624051993,0.998515726203923,NA
"ENSMUSG00000025946",0.0251171903086775,0.0280186498925443,2.20473767101557,0.0127083826166213,0.989860450646078,NA
"ENSMUSG00000031520",0.0691730650102375,-0.0947702483385566,0.968754657759387,-0.0978268827710711,0.922069760399782,NA
"ENSMUSG00000045573",0.0460952734231613,-0.0451081972993861,1.21180072989818,-0.0372241047446607,0.970306319121674,NA
"ENSMUSG00000027833",0.0719845644688557,0.0122399319527048,0.878151218348321,0.0139382963855888,0.988879208595219,NA
"ENSMUSG00000024211",0.0420547007558982,-0.0946882523389304,1.280598446543,-0.0739406272079613,0.941057628471183,NA
"ENSMUSG00000032368",0.0621646006800115,0.0200899045594135,0.977287948681914,0.0205567914620344,0.983599208593251,NA
"ENSMUSG00000035305",0.0745993756660846,-0.0765080596473997,0.804994496053271,-0.095041717704287,0.924281690939469,NA
"ENSMUSG00000017897",0.0358376314042276,0.0384318613274746,1.86587428638283,0.020597240450737,0.98356694180149,NA
"ENSMUSG00000062393",0.0247779732957741,0.108916857351801,2.07085845673531,0.0525950274378036,0.958054579018604,NA
"ENSMUSG00000026247",0.0455401246722412,0.14279915691188,1.3753595266359,0.103826784303566,0.917306810537251,NA
"ENSMUSG00000057098",0.0830241880795236,-0.0608905379587917,0.925973081932104,-0.0657584320180665,0.947570151012399,NA
"ENSMUSG00000038257",0.0631522118906798,0.0200899646716654,0.944942615814866,0.0212605128982789,0.983037842855775,NA
"ENSMUSG00000005124",0.0549351716857348,0.0723136317966637,1.18073491543313,0.0612445950835092,0.951164414626598,NA
"ENSMUSG00000018698",0.0392406462411398,0.16891108968757,1.41356537959389,0.119492944667404,0.904884829329029,NA
"ENSMUSG00000019935",0.0922797794033833,-0.092208236091001,0.697644051756388,-0.132170891242973,0.894849124524312,NA
"ENSMUSG00000020218",0.0833927883513979,0.0539699525633846,0.736816903464002,0.0732474408630629,0.941609215398198,NA
"ENSMUSG00000020672",0.0606411504992472,0.033145946128619,0.979611923670782,0.0338357928560273,0.973008093705487,NA
"ENSMUSG00000021609",0.0302615174821965,0.127180184609926,1.73657894289361,0.0732360513355124,0.941618278584688,NA
"ENSMUSG00000043144",0.0718798934390606,0.168830015948528,0.829290434789075,0.2035837010365,0.838678831087936,NA
"ENSMUSG00000024043",0.0249412667967852,0.121972865034768,2.06589238124588,0.0590412482963947,0.952919254006966,NA
"ENSMUSG00000025213",0.0409758381556797,0.0123215221443022,1.34124616450922,0.00918662246375241,0.992670238868408,NA
"ENSMUSG00000027400",0.0636135620536281,0.0644639488514968,0.973732160362332,0.0662029575232571,0.947216242179447,NA
"ENSMUSG00000028172",0.0820183111545463,0.0852879570939649,0.737994400588675,0.115567214366306,0.907995547902888,NA
"ENSMUSG00000028736",0.0421165433788132,0.0305836124181155,1.28026654345211,0.0238884727360366,0.980941569084594,NA
"ENSMUSG00000028780",0.0328026699909718,-0.0111470907936955,1.61513165731736,-0.00690166076752542,0.994493315146308,NA
"ENSMUSG00000028871",0.0350673097697737,0.00711513516458544,1.51437819694571,0.00469838721855325,0.996251243169851,NA
"ENSMUSG00000029335",0.0582210152307905,-0.141706200766597,1.12913063286354,-0.125500271308043,0.90012751026455,NA
"ENSMUSG00000031932",0.0910535649108887,0.150485609998153,0.739751965858992,0.203427117389828,0.838801206292358,NA
"ENSMUSG00000041703",0.0746424291259938,0.0618199263505638,0.850455055470148,0.072690409625925,0.942052480370066,NA
"ENSMUSG00000039358",0.0667880074823105,-0.175668138989284,0.941208001243094,-0.186641144951246,0.851942004547081,NA
"ENSMUSG00000037681",0.0283324054659504,0.00190842021335983,1.76631834619647,0.00108045088104834,0.999137925091033,NA
"ENSMUSG00000034810",0.0451561484848456,0.0175276159079495,1.26557219177245,0.0138495583435678,0.988950004475289,NA
"ENSMUSG00000041301",0.0249175718530347,-0.0111500481334495,2.37969950863205,-0.00468548574851749,0.996261536940298,NA
"ENSMUSG00000037868",0.0259891664149945,-0.0163557770372266,2.34224989142256,-0.00698293427064392,0.99442846983563,NA
"ENSMUSG00000048327",0.0860306791633045,0.00174573665880618,0.737713131034114,0.00236641668063985,0.998111874428319,NA
"ENSMUSG00000002930",0.0413592671484217,0.0253769898424541,1.53590759131072,0.0165224717854268,0.986817574641775,NA
"ENSMUSG00000048138",0.0536587726337461,0.260221712734068,1.10050325075718,0.23645701414787,0.813078059309329,NA
"ENSMUSG00000049744",0.0756286564843682,-0.0634521073349283,0.874157015044704,-0.0725866248773207,0.942135070443681,NA
"ENSMUSG00000044393",0.0778388599959841,0.0670259052287586,0.802259362524395,0.0835464294462759,0.933417061046612,NA
"ENSMUSG00000044317",0.0657803961383668,-0.0686582166520312,1.00486582535475,-0.0683257554587378,0.945526322141415,NA
"ENSMUSG00000048402",0.072953164361087,-0.0321340070430699,0.80608330274485,-0.0398643749766906,0.968201253163587,NA
"ENSMUSG00000051980",0.0928493543154931,-0.154844591155907,0.975886759206605,-0.158670654863476,0.873928359262776,NA
"ENSMUSG00000024553",0.0309137929640807,0.0958623046672901,1.72724764140764,0.0555000350668685,0.955740102015518,NA
"ENSMUSG00000049115",0.0355935215105921,0.0384330920918631,1.50953975403598,0.0254601390848479,0.979687942574526,NA
"ENSMUSG00000055110",0.0355872581152624,-0.0555207355458965,1.5095966543028,-0.0367785231821002,0.970661598478827,NA
"ENSMUSG00000055653",0.0818903472357468,0.0226518875770025,0.777705610044886,0.0291265580245656,0.976763654539643,NA
"ENSMUSG00000047344",0.0695854815297057,0.012239881170519,0.908136830343388,0.013478014283256,0.989246426070857,NA
"ENSMUSG00000064179",0.0420413706745243,0.218491030959097,1.39542904614021,0.156576238371594,0.875578830563746,NA
"ENSMUSG00000066842",0.0867983575552708,-0.105265057790645,1.21161712230412,-0.0868798037373915,0.930767053092068,NA
"ENSMUSG00000058665",0.0540439861008704,-0.0216402053817928,1.14005265540437,-0.0189817595522526,0.984855656557832,NA
"ENSMUSG00000058183",0.0255383848654823,0.0906550640044755,2.05076358548574,0.0442055167382948,0.964740584632785,NA
"ENSMUSG00000028370",0.0533731046573646,0.116687744734447,1.14144754012377,0.102227864735504,0.918575810752498,NA
"ENSMUSG00000030110",0.0449679312428546,0.0305835099375682,1.31950775823961,0.0231779690165448,0.981508312064452,NA
"ENSMUSG00000068196",0.0307333964161274,0.00190777132275515,1.94357579884323,0.00098157803976084,0.999216814162618,NA
"ENSMUSG00000040258",0.0518827522360272,-0.0216403183004307,1.19208566308471,-0.0181533248579074,0.985516537860757,NA
"ENSMUSG00000023945",0.0556902707061763,0.0775196368130033,1.13683852167661,0.0681887843655029,0.945635354970855,NA
"ENSMUSG00000042961",0.0748116303880684,-0.000816802171410609,1.2278774345466,-0.000665214742473231,0.999469235466507,NA
"ENSMUSG00000074934",0.0295841245184571,-0.0607280789418921,1.96472114381753,-0.0309092611605407,0.97534190411526,NA
"ENSMUSG00000030047",0.0802168432441453,-0.13393832394592,0.924875763856171,-0.144817638411756,0.884854855595121,NA
"ENSMUSG00000015619",0.0446806370053589,0.155854964980624,1.44333872529735,0.107982251323933,0.914009771269777,NA
"ENSMUSG00000027684",0.0921363196489629,0.00174565981145093,0.792864123536697,0.00220171371062186,0.998243288042276,NA
"ENSMUSG00000064080",0.0519752799448781,0.0096775467334958,1.2384428426028,0.00781428613464049,0.993765165192562,NA
"ENSMUSG00000031111",0.0929618374857399,-0.00610446744788681,0.774360740378319,-0.00788323468581895,0.993710153902556,NA
"ENSMUSG00000034324",0.0915534772036178,-0.0113102887979639,0.715966804975703,-0.0157972251218375,0.987396162193436,NA
"ENSMUSG00000037610",0.0814099421230749,-0.0530402687437142,0.846593793249422,-0.0626513791698536,0.950044115084044,NA
"ENSMUSG00000063600",0.0740493228083939,0.0305019639811699,0.827448455602151,0.0368626755837897,0.970594500076753,NA
"ENSMUSG00000018604",0.060604193087564,-0.105182484464155,1.21359635183958,-0.0866700730475326,0.930933765126454,NA
"ENSMUSG00000079042",0.0338389678741735,0.0828067404337532,1.60357070390649,0.0516389705998158,0.958816366700232,NA
"ENSMUSG00000041064",0.0400990228195059,-0.00594076689729557,1.47314926052972,-0.00403269855707585,0.996782380804113,NA
"ENSMUSG00000051111",0.0658663630743544,0.0252957510944128,1.00470049695811,0.0251774047798321,0.979913459616226,NA
"ENSMUSG00000046782",0.07556178811836,-0.000816071239150573,0.849343411394231,-0.000960826007716902,0.999233371880782,NA
"ENSMUSG00000031558",0.0878619766292042,-0.0791522038940089,0.717088081627249,-0.110380029904266,0.912107990171673,NA
"ENSMUSG00000001496",0.0428142352229099,-0.045108624667942,1.39169143201511,-0.0324128061941337,0.974142849988555,NA
"ENSMUSG00000049511",0.0628609229886823,-0.0112280841139591,0.975923927691758,-0.0115050812828369,0.990820475784943,NA
"ENSMUSG00000030043",0.0355569836428041,0.0880129520834032,1.51059336284177,0.0582638281409039,0.953538479509083,NA
"ENSMUSG00000063415",0.069771706738305,0.0122399268496433,0.881210564325877,0.0138899002635163,0.988917819376074,NA
"ENSMUSG00000096225",0.0357029709163218,-0.0242030144357288,1.58492048030941,-0.0152708067921513,0.987816132572698,NA
"ENSMUSG00000032269",0.0734120707742043,-0.0451900590863454,0.806327957338618,-0.0560442666970157,0.955306542830331,NA
"ENSMUSG00000043673",0.054022123971109,-0.0346961635599726,1.10016499227666,-0.0315372365086559,0.974841096464668,NA
"ENSMUSG00000045731",0.0443628547264481,-0.013790360772549,1.26943613663855,-0.0108633749855788,0.991332451301579,NA
"ENSMUSG00000051920",0.0747695026147082,-0.0765081987670217,0.902283973187511,-0.0847939241309365,0.932425223985915,NA
"ENSMUSG00000115965",0.0500555569046651,0.148005800679759,1.11104441593133,0.133213216823284,0.894024758493932,NA
"ENSMUSG00000022705",0.0564834684836305,-0.00337809054998167,1.05555488575907,-0.00320029834123919,0.997446535722288,NA
"ENSMUSG00000023067",0.0922021157195342,-0.136582493456566,0.864607458734419,-0.157970524168841,0.874480025349092,NA
"ENSMUSG00000019772",0.0602920837076332,0.0957819266050655,0.980330725538617,0.0977036872453841,0.922167587570164,NA
"ENSMUSG00000024064",0.0318866349627406,0.0828063416793556,1.71498090399837,0.048284118783071,0.961489811166194,NA
"ENSMUSG00000028197",0.0524333957619229,-0.0216403120272273,1.1892546914046,-0.0181965328231486,0.985482068585944,NA
"ENSMUSG00000029151",0.0412802407560161,-0.0320524656323441,1.34012707806586,-0.0239174822723559,0.98091842943484,NA
"ENSMUSG00000037101",0.0301220301546347,0.0645443462912328,1.738619049859,0.0371239152685388,0.970386203542299,NA
"ENSMUSG00000046550",0.0558361374948337,-0.0164341384115855,1.05797306661868,-0.0155336075464658,0.987606472778927,NA
"ENSMUSG00000053626",0.0768423083451655,-0.102620109467433,0.762241137849884,-0.134629455656122,0.892904851376013,NA
"ENSMUSG00000032776",0.0644824665282779,-0.0869200157244517,0.914710916706104,-0.0950245745808443,0.924295307546128,NA
"ENSMUSG00000058400",0.0355027493196381,0.0697507805985117,1.58691964606316,0.0439535680155891,0.964941415425687,NA
"ENSMUSG00000059187",0.0758591980892416,-0.165256255427843,0.876517656418286,-0.188537280701372,0.850455493721726,NA
"ENSMUSG00000026805",0.0277963446662919,0.0775998001537122,1.88050181224892,0.0412654748047861,0.967084256728214,NA
"ENSMUSG00000028707",0.0323409133396988,0.127180295486885,1.7081900420845,0.0744532472111164,0.940649741183801,NA
"ENSMUSG00000059857",0.027100724456586,0.0593373506074334,2.01405067753358,0.0294616969023334,0.97649636711501,NA
"ENSMUSG00000075707",0.030365081923835,-0.0294093874329748,1.73507464991959,-0.0169499262952968,0.986476563052579,NA
"ENSMUSG00000024517",0.0475761100678756,0.00447172358934376,1.20629395026719,0.00370699329823653,0.997042254054464,NA
"ENSMUSG00000041730",0.0307851491028114,0.0958622977921835,1.72906085429507,0.0554418299124966,0.955786471614444,NA
"ENSMUSG00000047773",0.084258939835033,-0.154844391210598,0.822900018207231,-0.188169143011981,0.850744060694357,NA
"ENSMUSG00000078952",0.0316072948862141,-0.0111481683430069,1.92912870127858,-0.00577886189533035,0.995389160978068,NA
"ENSMUSG00000051159",0.0282364106115285,0.0462819359372886,1.87230653702629,0.024719208645608,0.98027893347789,NA
"ENSMUSG00000032259",0.0434145534546132,-0.00073462896117721,1.38694825038876,-0.00052967294271527,0.999577382156494,NA
"ENSMUSG00000063260",0.0814211917857438,-0.0399842938594902,0.896204929911242,-0.0446151237568512,0.96441408764894,NA
"ENSMUSG00000021541",0.0258247529068795,-0.00329852255988279,2.04373380117797,-0.0016139687849668,0.998712239783937,NA
"ENSMUSG00000031364",0.048055670514969,-0.120800076018095,1.15916586505303,-0.104212934196927,0.917000369857917,NA
"ENSMUSG00000019230",0.0231625821893363,-0.0346166770986653,2.11504936184975,-0.0163668412298381,0.98694173307013,NA
"ENSMUSG00000036357",0.0421668096802525,0.1558553119613,1.33488472324157,0.116755633836927,0.90705370228041,NA
"ENSMUSG00000043659",0.0265780688629622,0.0775968417590058,2.5057260176465,0.0309678078179866,0.975295212992758,NA
"ENSMUSG00000054667",0.0260293086798777,-0.034616938114315,2.17901866554833,-0.0158864807638552,0.987324955430468,NA
"ENSMUSG00000037025",0.0320308755306056,0.0958623609870965,1.71232179258386,0.0559838468460079,0.955354675327699,NA
"ENSMUSG00000000214",0.0289186086268824,0.0462809553924251,2.1086836867817,0.021947794106123,0.982489599760165,NA
"Blank-12",0.0341816527026708,0.0514888210271065,1.59987725616575,0.0321829820560761,0.974326127501342,NA
"Blank-1",0.0441111651894745,0.0619016058014071,1.26995739185038,0.0487430572069934,0.96112406194781,NA
"Blank-3",0.0389837737641263,0.0253771542553328,1.48168135315083,0.0171272684247309,0.986335085043709,NA
"Blank-6",0.0279955628471944,0.0149640217451507,1.87676370437093,0.00797331156303797,0.993638285211741,NA
"Blank-21",0.0299787830394917,-0.0163541699964228,1.9562213509825,-0.00836008153586967,0.993329697714542,NA
"Blank-29",0.0279983647949232,-0.0163538748449041,1.87671146315429,-0.00871411251328816,0.993047232158608,NA
"Blank-30",0.0718639610313824,-0.0503960260593345,0.853177368951935,-0.0590686390583031,0.952897437416649,NA
"Blank-35",0.0395992288638973,0.119330759562871,1.55011955447158,0.0769816490725769,0.93863814355938,NA
"Blank-39",0.0364343619408611,0.163704888474608,1.50204700256935,0.108987860030066,0.913212119265915,NA
"Blank-41",0.0344897707165133,-0.0424652264409174,1.6819727642811,-0.0252472735247099,0.979857730138788,NA
"Blank-46",0.056584601335082,-0.0477520545226926,1.02082411194405,-0.0467779453521666,0.962690206846763,NA
